<skeleton name="DragonBones_tutorial_Start" frameRate="24" version="1.4">
 <armatures>
  <armature name="Dragon">
   <b name="tailTip" x="137.75" y="-259.15" kX="0" kY="0" cX="1" cY="1" z="0">
    <d name="parts/tailTip"/>
   </b>
   <b name="armUpperL" x="-54.85" y="-145.05" kX="-60" kY="-60" cX="1" cY="1" z="1">
    <d name="parts/armUpperL"/>
   </b>
   <b name="armL" x="-48.15" y="-116.3" kX="-105" kY="-105" cX="1" cY="1" z="2">
    <d name="parts/armL"/>
   </b>
   <b name="handL" x="-95" y="-120.55" kX="-45" kY="-45" cX="1" cY="1" z="3">
    <d name="parts/handL"/>
   </b>
   <b name="legL" x="-89.55" y="-113.8" kX="0" kY="0" cX="1" cY="1" z="4">
    <d name="parts/legL"/>
   </b>
   <b name="body" x="-29.65" y="-223.55" kX="0" kY="0" cX="1" cY="1" z="5">
    <d name="parts/body"/>
   </b>
   <b name="head" x="-100.95" y="-381" kX="0" kY="0" cX="1" cY="1" z="6">
    <d name="parts/head"/>
   </b>
   <b name="tail" x="59.5" y="-258" kX="0" kY="0" cX="1" cY="1" z="7">
    <d name="parts/tail"/>
   </b>
   <b name="legR" x="-9.25" y="-104.7" kX="-15" kY="-15" cX="1" cY="1" z="8">
    <d name="parts/legR"/>
   </b>
   <b name="armUpperR" x="50.3" y="-199.75" kX="45" kY="45" cX="1" cY="1" z="9">
    <d name="parts/armUpperR"/>
   </b>
   <b name="armR" x="88.3" y="-157.85" kX="30" kY="30" cX="1" cY="1" z="10">
    <d name="parts/armR"/>
   </b>
   <b name="handR" x="52.75" y="-149.6" kX="30" kY="30" cX="1" cY="1" z="11">
    <d name="parts/handR"/>
   </b>
  </armature>
 </armatures>
 <animations>
  <animation name="Dragon">
   <mov name="walk" dr="9" to="9" drTW="30" lp="1" twE="0.09999999999999987">
    <b name="tailTip" sc="1.1" dl="-0.8">
     <f x="137.75" y="-259.15" kX="0" kY="0" cX="1" cY="1" z="0" dI="0" dr="4"/>
     <f x="198.4" y="-217.3" kX="30" kY="30" cX="1" cY="1" z="0" dI="0" dr="4"/>
     <f x="137.75" y="-259.15" kX="0" kY="0" cX="1" cY="1" z="0" dI="0" dr="1"/>
    </b>
    <b name="armUpperL" sc="1" dl="0">
     <f x="-54.85" y="-145.05" kX="-60" kY="-60" cX="1" cY="1" z="1" dI="0" dr="4"/>
     <f x="-61.85" y="-190.3" kX="0" kY="0" cX="1" cY="1" z="1" dI="0" dr="4"/>
     <f x="-54.85" y="-145.05" kX="-60" kY="-60" cX="1" cY="1" z="1" dI="0" dr="1"/>
    </b>
    <b name="armL" sc="1" dl="0">
     <f x="-48.15" y="-116.3" kX="-105" kY="-105" cX="1" cY="1" z="2" dI="0" dr="4"/>
     <f x="-86.65" y="-170.75" kX="-30" kY="-30" cX="1" cY="1" z="2" dI="0" dr="4"/>
     <f x="-48.15" y="-116.3" kX="-105" kY="-105" cX="1" cY="1" z="2" dI="0" dr="1"/>
    </b>
    <b name="handL" sc="1" dl="0">
     <f x="-95" y="-120.55" kX="-45" kY="-45" cX="1" cY="1" z="3" dI="0" dr="4"/>
     <f x="-109.65" y="-204.25" kX="15" kY="15" cX="1" cY="1" z="3" dI="0" dr="4"/>
     <f x="-95" y="-120.55" kX="-45" kY="-45" cX="1" cY="1" z="3" dI="0" dr="1"/>
    </b>
    <b name="legL" sc="1" dl="0">
     <f x="-89.55" y="-113.8" kX="0" kY="0" cX="1" cY="1" z="4" dI="0" dr="4"/>
     <f x="0.45" y="6.3" kX="-105" kY="-105" cX="1" cY="1" z="4" dI="0" dr="4"/>
     <f x="-89.55" y="-113.8" kX="0" kY="0" cX="1" cY="1" z="4" dI="0" dr="1"/>
    </b>
    <b name="body" sc="1" dl="0">
     <f x="-29.65" y="-223.55" kX="0" kY="0" cX="1" cY="1" z="5" dI="0" dr="4"/>
     <f x="-24.9" y="-227.1" kX="5.75" kY="5.75" cX="1" cY="1" z="5" dI="0" dr="4"/>
     <f x="-29.65" y="-223.55" kX="0" kY="0" cX="1" cY="1" z="5" dI="0" dr="1"/>
    </b>
    <b name="head" sc="1" dl="0">
     <f x="-100.95" y="-381" kX="0" kY="0" cX="1" cY="1" z="6" dI="0" dr="4"/>
     <f x="-118.15" y="-363.75" kX="-6.57" kY="-6.57" cX="1" cY="1" z="6" dI="0" dr="4"/>
     <f x="-100.95" y="-381" kX="0" kY="0" cX="1" cY="1" z="6" dI="0" dr="1"/>
    </b>
    <b name="tail" sc="1" dl="0">
     <f x="59.5" y="-258" kX="0" kY="0" cX="1" cY="1" z="7" dI="0" dr="4"/>
     <f x="112.15" y="-246.35" kX="23.64" kY="23.64" cX="1" cY="1" z="7" dI="0" dr="4"/>
     <f x="59.5" y="-258" kX="0" kY="0" cX="1" cY="1" z="7" dI="0" dr="1"/>
    </b>
    <b name="legR" sc="1" dl="0">
     <f x="-9.25" y="-104.7" kX="-15" kY="-15" cX="1" cY="1" z="8" dI="0" dr="4"/>
     <f x="34" y="-133.9" kX="55.93" kY="55.93" cX="1" cY="1" z="8" dI="0" dr="4"/>
     <f x="-9.25" y="-104.7" kX="-15" kY="-15" cX="1" cY="1" z="8" dI="0" dr="1"/>
    </b>
    <b name="armUpperR" sc="1" dl="0">
     <f x="50.3" y="-199.75" kX="45" kY="45" cX="1" cY="1" z="9" dI="0" dr="4"/>
     <f x="34.15" y="-202.25" kX="15" kY="15" cX="1" cY="1" z="9" dI="0" dr="4"/>
     <f x="50.3" y="-199.75" kX="45" kY="45" cX="1" cY="1" z="9" dI="0" dr="1"/>
    </b>
    <b name="armR" sc="1" dl="0">
     <f x="88.3" y="-157.85" kX="30" kY="30" cX="1" cY="1" z="10" dI="0" dr="4"/>
     <f x="83.45" y="-177.95" kX="-30" kY="-30" cX="1" cY="1" z="10" dI="0" dr="4"/>
     <f x="88.3" y="-157.85" kX="30" kY="30" cX="1" cY="1" z="10" dI="0" dr="1"/>
    </b>
    <b name="handR" sc="1" dl="0">
     <f x="52.75" y="-149.6" kX="30" kY="30" cX="1" cY="1" z="11" dI="0" dr="4"/>
     <f x="77.9" y="-149.35" kX="-15" kY="-15" cX="1" cY="1" z="11" dI="0" dr="4"/>
     <f x="52.75" y="-149.6" kX="30" kY="30" cX="1" cY="1" z="11" dI="0" dr="1"/>
    </b>
   </mov>
  </animation>
 </animations>
</skeleton>